Title,Description,Manual,Price,test_str,bart_classification,mDeBERTa_classification,DeBERTa-v3-base-mnli-fever-anli,deberta-v3-base-zeroshot-v1.1-all-33,mDeBERTa-v3-base-mnli-xnli
LASUNI GOBI,Florets Of Cauliflower Marinated In Lemon And Ginger Juice Finished In A Tangy Tomato And Garlic Sauce,Vegetarian,18,LASUNI GOBI : Florets Of Cauliflower Marinated In Lemon And Ginger Juice Finished In A Tangy Tomato And Garlic Sauce,not vegetarian,not vegetarian,vegetarian,vegetarian,not vegetarian
VEGETABLE SAMOSA,"Crispy Turnovers Stuffed With Seasoned Potatoes, Green Peas",Vegetarian,18,"VEGETABLE SAMOSA : Crispy Turnovers Stuffed With Seasoned Potatoes, Green Peas",vegetarian,vegetarian,vegetarian,vegetarian,vegetarian
ALOO TIKKIYA,"Grilled Spicy Potato Cakes Topped With Pomegranate, Mint Chutney",Vegetarian,18,"ALOO TIKKIYA : Grilled Spicy Potato Cakes Topped With Pomegranate, Mint Chutney",not vegetarian,not vegetarian,not vegetarian,vegetarian,not vegetarian
AMRITSARI SEEKH,"Marinated Paneer, Grilled Peppers, Tomato Sauce",Vegetarian,22,"AMRITSARI SEEKH : Marinated Paneer, Grilled Peppers, Tomato Sauce",not vegetarian,not vegetarian,vegetarian,vegetarian,not vegetarian
HARA BHARA KABAB,"Grilled Spinach Patties Stuffed With Paneer, Garam Masala, Red Chili",Vegetarian,18,"HARA BHARA KABAB : Grilled Spinach Patties Stuffed With Paneer, Garam Masala, Red Chili",not vegetarian,not vegetarian,vegetarian,vegetarian,not vegetarian
PALAK CHAAT,"Mixture Of Crispy Spinach, Seasoned Tomatoes, Red Onions, Sev, Yogurt, Mint & Tamarind Chutney",Vegetarian,16,"PALAK CHAAT : Mixture Of Crispy Spinach, Seasoned Tomatoes, Red Onions, Sev, Yogurt, Mint & Tamarind Chutney",not vegetarian,not vegetarian,not vegetarian,vegetarian,not vegetarian
DAHI ALOO PAPDI,"A Mixture Of Wheat Crisps, Potatoes, Chickpeas, Yogurt, Tamarind Chutney",Vegetarian,14,"DAHI ALOO PAPDI : A Mixture Of Wheat Crisps, Potatoes, Chickpeas, Yogurt, Tamarind Chutney",not vegetarian,not vegetarian,not vegetarian,vegetarian,not vegetarian
BHEL POORI,"Assorted Crisps And Sev, Sweet And Sour Chutneys",Vegetarian,14,"BHEL POORI : Assorted Crisps And Sev, Sweet And Sour Chutneys",not vegetarian,not vegetarian,not vegetarian,not vegetarian,not vegetarian
BAGHARE JHINGA,Jumbo Shrimp Pan Seared With Curry Leaves And Mustard Seeds Finished In A Creamy Tomato Sauce,Not Vegetarian,24,BAGHARE JHINGA : Jumbo Shrimp Pan Seared With Curry Leaves And Mustard Seeds Finished In A Creamy Tomato Sauce,not vegetarian,not vegetarian,not vegetarian,not vegetarian,not vegetarian
TAMARIND SCALLOPS,"Pan-Seared Scallops With Garam Masala, Lemon Juice Topped With Poppyseeds",Not Vegetarian,24,"TAMARIND SCALLOPS : Pan-Seared Scallops With Garam Masala, Lemon Juice Topped With Poppyseeds",not vegetarian,not vegetarian,not vegetarian,not vegetarian,not vegetarian
CHILI CRAB,"Mix Of Jumbo Lump Crab Meat, Chili, Garlic",Not Vegetarian,24,"CHILI CRAB : Mix Of Jumbo Lump Crab Meat, Chili, Garlic",not vegetarian,not vegetarian,not vegetarian,not vegetarian,not vegetarian
MASALE WALI MACHLI,"Halibut Marinated In Ginger, Garlic, Chili Powder, Carom Seeds, Lemon Juice Finished On Grill",Not Vegetarian,24,"MASALE WALI MACHLI : Halibut Marinated In Ginger, Garlic, Chili Powder, Carom Seeds, Lemon Juice Finished On Grill",not vegetarian,not vegetarian,not vegetarian,not vegetarian,not vegetarian
BATAKI KOSHA,"Minced Duck Cooked With Onion, Ginger, Garlic, Garam Masala Hand Rolled In A Rice Crepe",Not Vegetarian,20,"BATAKI KOSHA : Minced Duck Cooked With Onion, Ginger, Garlic, Garam Masala Hand Rolled In A Rice Crepe",not vegetarian,not vegetarian,not vegetarian,not vegetarian,not vegetarian
MURGH MALOVA,"Chicken Marinated In Apple Cider Vinegar, Ground Pepper, Curry Leaves Cooked In A Fiery Red Chili Paste",Not Vegetarian,18,"MURGH MALOVA : Chicken Marinated In Apple Cider Vinegar, Ground Pepper, Curry Leaves Cooked In A Fiery Red Chili Paste",not vegetarian,not vegetarian,not vegetarian,not vegetarian,not vegetarian
MURGH MALAI KABAB,"Chicken Marinated In Hung Yogurt, Coriander, Cream Cheese, Carom Seeds Finished In Tandoor",Not Vegetarian,18,"MURGH MALAI KABAB : Chicken Marinated In Hung Yogurt, Coriander, Cream Cheese, Carom Seeds Finished In Tandoor",not vegetarian,not vegetarian,not vegetarian,not vegetarian,not vegetarian
PATHAR KE KABAB,"Stoned Grilled Pounded Lamb Marinated In Mace, Nutmeg, Papaya, Rose Water",Not Vegetarian,22,"PATHAR KE KABAB : Stoned Grilled Pounded Lamb Marinated In Mace, Nutmeg, Papaya, Rose Water",not vegetarian,not vegetarian,not vegetarian,not vegetarian,not vegetarian
NIZAMI KEEMA,"Ground Lamb Cooked Along Cinnamon, Cloves, Nutmeg, Lemon Zest",Not Vegetarian,20,"NIZAMI KEEMA : Ground Lamb Cooked Along Cinnamon, Cloves, Nutmeg, Lemon Zest",not vegetarian,not vegetarian,not vegetarian,not vegetarian,not vegetarian
SHE CRAB SOUP,"Thick Soup Of She Crab Meat, Curry Leaves, Root Vegetables, Coconut Rum",Not Vegetarian,17,"SHE CRAB SOUP : Thick Soup Of She Crab Meat, Curry Leaves, Root Vegetables, Coconut Rum",not vegetarian,not vegetarian,not vegetarian,vegetarian,not vegetarian
TOMATO RASAM,"Broth Of Tomato, Garlic, Lemon Juice, Curry Leaves And Mustard Seeds.",Vegetarian,12,"TOMATO RASAM : Broth Of Tomato, Garlic, Lemon Juice, Curry Leaves And Mustard Seeds.",not vegetarian,not vegetarian,not vegetarian,vegetarian,not vegetarian
MULLIGATAWNY,"A Spicy Favorite Of Anglo-Indians Made Of Chicken, Red Lentils, Vegetables",Not Vegetarian,14,"MULLIGATAWNY : A Spicy Favorite Of Anglo-Indians Made Of Chicken, Red Lentils, Vegetables",not vegetarian,not vegetarian,not vegetarian,vegetarian,not vegetarian
KOSHIMBIR,"Romaine Lettuce, Grilled Asparagus, Brussels Sprout, Kirby, Cherry Tomato, Fetta Cheese, Lime Vinaigrette",Vegetarian,13,"KOSHIMBIR : Romaine Lettuce, Grilled Asparagus, Brussels Sprout, Kirby, Cherry Tomato, Fetta Cheese, Lime Vinaigrette",not vegetarian,vegetarian,not vegetarian,vegetarian,vegetarian
ANUM ZAARA,"Grilled Chicken, Mixed Greens, Pink Grapefruit, Beets, Goat Cheese, Walnuts, Maple And Apple Cider Dressing",Not Vegetarian,15,"ANUM ZAARA : Grilled Chicken, Mixed Greens, Pink Grapefruit, Beets, Goat Cheese, Walnuts, Maple And Apple Cider Dressing",not vegetarian,not vegetarian,not vegetarian,not vegetarian,not vegetarian
JALPARI,"Basil Shrimp, Bean And Radish Sprouts, Pea Shoots, Micro Greens, Honey And Ginger Dressing",Not Vegetarian,18,"JALPARI : Basil Shrimp, Bean And Radish Sprouts, Pea Shoots, Micro Greens, Honey And Ginger Dressing",not vegetarian,not vegetarian,not vegetarian,vegetarian,not vegetarian
SMOKEY JHINGA,"Tiger Prawns Marinated In Ginger, Garlic, Vinegar, Lemon Juice, Olive Oil, Black Pepper",Not Vegetarian,43,"SMOKEY JHINGA : Tiger Prawns Marinated In Ginger, Garlic, Vinegar, Lemon Juice, Olive Oil, Black Pepper",not vegetarian,not vegetarian,not vegetarian,not vegetarian,not vegetarian
JHINGA E AATISH,"Prawns Marinated In Yogurt, Roasted Chilies, Cilantro",Not Vegetarian,38,"JHINGA E AATISH : Prawns Marinated In Yogurt, Roasted Chilies, Cilantro",not vegetarian,not vegetarian,not vegetarian,not vegetarian,not vegetarian
HASIRU SAMUDRA,"Chilean Sea Bass Flavored With Green Chili, Mint, Coriander, Tomato Kokum Sauce",Not Vegetarian,46,"HASIRU SAMUDRA : Chilean Sea Bass Flavored With Green Chili, Mint, Coriander, Tomato Kokum Sauce",not vegetarian,not vegetarian,not vegetarian,not vegetarian,not vegetarian
MALAI HALIBUT,~ GRAND PRIZE WINNER OF THE 2004 USA FISH DISH AWARDS ~,Not Vegetarian,41,MALAI HALIBUT : ~ GRAND PRIZE WINNER OF THE 2004 USA FISH DISH AWARDS ~,not vegetarian,not vegetarian,not vegetarian,not vegetarian,not vegetarian
CHICKEN TIKKA NAAN,Light Bread Stuffed With Finely Chopped Tandoori Chicken,Not Vegetarian,10,CHICKEN TIKKA NAAN : Light Bread Stuffed With Finely Chopped Tandoori Chicken,not vegetarian,not vegetarian,not vegetarian,not vegetarian,not vegetarian
endive salad*,no description,Vegetarian,21,endive salad* : no description,not vegetarian,not vegetarian,vegetarian,vegetarian,not vegetarian
"dragonfruit, cara cara orange, pistachios, pecorino",add salt & pepper chicken,Not Vegetarian,7,"dragonfruit, cara cara orange, pistachios, pecorino : add salt & pepper chicken",not vegetarian,not vegetarian,not vegetarian,not vegetarian,not vegetarian
karaoke fries,"h.k. curry, fish balls, pickled onions, cheddar cheese curds",Not Vegetarian,15,"karaoke fries : h.k. curry, fish balls, pickled onions, cheddar cheese curds",not vegetarian,not vegetarian,not vegetarian,not vegetarian,not vegetarian
taro shrimp fritters,cilantro aioli,Not Vegetarian,12,taro shrimp fritters : cilantro aioli,not vegetarian,not vegetarian,not vegetarian,not vegetarian,not vegetarian
bolo bao milk toast,w/ milk tea butter,Vegetarian,15,bolo bao milk toast : w/ milk tea butter,not vegetarian,not vegetarian,not vegetarian,not vegetarian,not vegetarian
hong kong french toast,"salted egg yolk lava, condensed milk, cultured butter",Vegetarian,15,"hong kong french toast : salted egg yolk lava, condensed milk, cultured butter",not vegetarian,not vegetarian,not vegetarian,not vegetarian,not vegetarian
salt & pepper chicken sandwich w. french fries,"pickled mustard greens aioli, arugula pork belly cha siu & egg sandwich w. french fries ",Not Vegetarian,21,"salt & pepper chicken sandwich w. french fries : pickled mustard greens aioli, arugula pork belly cha siu & egg sandwich w. french fries ",not vegetarian,not vegetarian,not vegetarian,not vegetarian,not vegetarian
"hoisin garlic aioli, arugula sunny side eggs over radish cake hash*","shishito peppers, bacon, arugula",Not Vegetarian,16,"hoisin garlic aioli, arugula sunny side eggs over radish cake hash* : shishito peppers, bacon, arugula",not vegetarian,vegetarian,not vegetarian,vegetarian,vegetarian
potluck chow mein*,"hanger steak, garlic chives, pickled onions",Not Vegetarian,24,"potluck chow mein* : hanger steak, garlic chives, pickled onions",not vegetarian,not vegetarian,not vegetarian,not vegetarian,not vegetarian
endive salad*,"dragonfruit, cara cara orange, pistachios, pecorino",Vegetarian,21,"endive salad* : dragonfruit, cara cara orange, pistachios, pecorino",not vegetarian,not vegetarian,vegetarian,vegetarian,not vegetarian
pork belly cha siu & egg sandwich w. french fries,"hoisin garlic aioli, arugula",Not Vegetarian,21,"pork belly cha siu & egg sandwich w. french fries : hoisin garlic aioli, arugula",not vegetarian,not vegetarian,not vegetarian,not vegetarian,not vegetarian
sunny side eggs over radish cake hash*,"shishito peppers, bacon, arugula",Not Vegetarian,16,"sunny side eggs over radish cake hash* : shishito peppers, bacon, arugula",not vegetarian,vegetarian,not vegetarian,vegetarian,vegetarian
Chana-Chenna Tikki (v),"green garbanzo, housemade cheese, tomato chutney (2 pc)",Vegetarian,17,"Chana-Chenna Tikki (v) : green garbanzo, housemade cheese, tomato chutney (2 pc)",not vegetarian,vegetarian,not vegetarian,vegetarian,vegetarian
"Paneer Tikka (v, gf)","house made paneer, ajwain, yogurt (2 pc)",Vegetarian,21,"Paneer Tikka (v, gf) : house made paneer, ajwain, yogurt (2 pc)",not vegetarian,not vegetarian,vegetarian,vegetarian,not vegetarian
Bohri Chicken Cutlet,"chicken mince, green chili, Amul cheese (2 pc)",Not Vegetarian,18,"Bohri Chicken Cutlet : chicken mince, green chili, Amul cheese (2 pc)",not vegetarian,not vegetarian,not vegetarian,not vegetarian,not vegetarian
Jama Masjid Seekh,"smoked lamb belly, ginger, cilantro (1 pc)",Not Vegetarian,,"Jama Masjid Seekh : smoked lamb belly, ginger, cilantro (1 pc)",not vegetarian,not vegetarian,not vegetarian,not vegetarian,not vegetarian
"Lasooni Palak (v, gf)","spinach, garlic, cumin seeds",Vegetarian,17,"Lasooni Palak (v, gf) : spinach, garlic, cumin seeds",not vegetarian,vegetarian,vegetarian,vegetarian,vegetarian
"Baingan Bharta (v, gf)","grilled eggplant, onion, green chili",Vegetarian,17,"Baingan Bharta (v, gf) : grilled eggplant, onion, green chili",not vegetarian,vegetarian,vegetarian,vegetarian,vegetarian
Kashmiri Gosht Chaamp (gf),"lamb loin, garam masala, ghee",Not Vegetarian,22,"Kashmiri Gosht Chaamp (gf) : lamb loin, garam masala, ghee",not vegetarian,not vegetarian,not vegetarian,not vegetarian,not vegetarian
Beef Pepper Fry (gf),"Wagyu flank, curry leaves, Tellicherry pepper",Not Vegetarian,,"Beef Pepper Fry (gf) : Wagyu flank, curry leaves, Tellicherry pepper",not vegetarian,not vegetarian,not vegetarian,not vegetarian,not vegetarian
Macchi Hara Masala (gf),"rainbow trout, cilantro, mint",Not Vegetarian,,"Macchi Hara Masala (gf) : rainbow trout, cilantro, mint",not vegetarian,not vegetarian,not vegetarian,vegetarian,not vegetarian
Butter Pepper Garlic Crab (gf),"crab, Amul butter, garlic, crushed black pepper",Not Vegetarian,,"Butter Pepper Garlic Crab (gf) : crab, Amul butter, garlic, crushed black pepper",not vegetarian,not vegetarian,not vegetarian,vegetarian,not vegetarian
"Paneer Methi (v, gf, n)","house made paneer, fenugreek, tomato",Vegetarian,,"Paneer Methi (v, gf, n) : house made paneer, fenugreek, tomato",not vegetarian,vegetarian,vegetarian,vegetarian,vegetarian
"Dahi Waali Bhindi (v, gf)","okra, yogurt, Rajasthani red chili",Vegetarian,,"Dahi Waali Bhindi (v, gf) : okra, yogurt, Rajasthani red chili",not vegetarian,not vegetarian,vegetarian,vegetarian,not vegetarian
Malai Murgh,"chicken, cream, Amul butter",Not Vegetarian,,"Malai Murgh : chicken, cream, Amul butter",not vegetarian,not vegetarian,not vegetarian,not vegetarian,not vegetarian
Rara Gosht (gf),"goat meat & mince, yogurt, onions, garam masala",Not Vegetarian,,"Rara Gosht (gf) : goat meat & mince, yogurt, onions, garam masala",not vegetarian,not vegetarian,not vegetarian,not vegetarian,not vegetarian
Kolambi ani Kekda Bhaath (gf),"tiger prawn, crab, aged basmati rice",Not Vegetarian,,"Kolambi ani Kekda Bhaath (gf) : tiger prawn, crab, aged basmati rice",not vegetarian,not vegetarian,not vegetarian,vegetarian,not vegetarian
Nalli Biryani,"slow braised lamb shank, aged basmati rice",Not Vegetarian,,"Nalli Biryani : slow braised lamb shank, aged basmati rice",not vegetarian,not vegetarian,not vegetarian,not vegetarian,not vegetarian
Gurda Kapoora,"goat kidney & testicles, tomato, pao",Not Vegetarian,23,"Gurda Kapoora : goat kidney & testicles, tomato, pao",not vegetarian,not vegetarian,not vegetarian,vegetarian,not vegetarian
Champaran Meat,"mutton, whole garlic, red chili",Not Vegetarian,49,"Champaran Meat : mutton, whole garlic, red chili",not vegetarian,not vegetarian,not vegetarian,not vegetarian,not vegetarian
Lamb Musallam Feast (gf),"lamb shoulder, saffron, cashews, aged basmati rice",Not Vegetarian,225,"Lamb Musallam Feast (gf) : lamb shoulder, saffron, cashews, aged basmati rice",not vegetarian,vegetarian,not vegetarian,not vegetarian,vegetarian
"Dhaba Dal (v, gf)",no description,Vegetarian,13,"Dhaba Dal (v, gf) : no description",not vegetarian,not vegetarian,not vegetarian,vegetarian,not vegetarian
green chickpea hummus,"mint, whole wheat pita & crudité",Vegetarian,23,"green chickpea hummus : mint, whole wheat pita & crudité",not vegetarian,not vegetarian,vegetarian,vegetarian,not vegetarian
california dates,"whipped coconut yogurt and tahini, crunchy sea salt, lemon, pistachio, mint, sicilian olive oil",Vegetarian,17,"california dates : whipped coconut yogurt and tahini, crunchy sea salt, lemon, pistachio, mint, sicilian olive oil",not vegetarian,not vegetarian,not vegetarian,vegetarian,not vegetarian
dosa,"fermented turmeric sambal, coriander mint chutney, mango chutney",Vegetarian,25,"dosa : fermented turmeric sambal, coriander mint chutney, mango chutney",not vegetarian,not vegetarian,not vegetarian,not vegetarian,not vegetarian
cornmeal crusted oyster mushrooms,"cashew lime leaf dip, passion fruit, grenada pepper sauce",Vegetarian,24,"cornmeal crusted oyster mushrooms : cashew lime leaf dip, passion fruit, grenada pepper sauce",not vegetarian,not vegetarian,not vegetarian,vegetarian,not vegetarian
honeynut squash dip,"tahini, warming spices, sourdough focaccia",Vegetarian,22,"honeynut squash dip : tahini, warming spices, sourdough focaccia",not vegetarian,not vegetarian,not vegetarian,vegetarian,not vegetarian
roasted murasaki yam,"black sesame, white sesame, ginger, scallion, lime",Vegetarian,24,"roasted murasaki yam : black sesame, white sesame, ginger, scallion, lime",not vegetarian,not vegetarian,not vegetarian,vegetarian,not vegetarian
wood roasted freekeh,"sunchoke, saffron labneh, green olive, orange",Vegetarian,26,"wood roasted freekeh : sunchoke, saffron labneh, green olive, orange",not vegetarian,vegetarian,not vegetarian,vegetarian,vegetarian
char grilled rainbow carrots,"seed & nut butter, fermented sambal, finger lime, thai basil",Vegetarian,27,"char grilled rainbow carrots : seed & nut butter, fermented sambal, finger lime, thai basil",not vegetarian,not vegetarian,not vegetarian,vegetarian,not vegetarian
whole roasted cauliflower,"turmeric tahini, za’atar, pomegranate, date molasses, red zhug, fresh herbs, pistachio",Vegetarian,34,"whole roasted cauliflower : turmeric tahini, za’atar, pomegranate, date molasses, red zhug, fresh herbs, pistachio",not vegetarian,not vegetarian,vegetarian,vegetarian,not vegetarian
market beets,"avocado purée, flavors of tartare",Vegetarian,24,"market beets : avocado purée, flavors of tartare",not vegetarian,not vegetarian,not vegetarian,not vegetarian,not vegetarian
avocado lettuce cups,"toasted cumin, serrano and lime, pepitas",Vegetarian,22,"avocado lettuce cups : toasted cumin, serrano and lime, pepitas",not vegetarian,not vegetarian,not vegetarian,vegetarian,not vegetarian
crisp cabbage,"asian pear, roasted kabocha squash, hazelnut furikake, miso dressing",Vegetarian,21,"crisp cabbage : asian pear, roasted kabocha squash, hazelnut furikake, miso dressing",not vegetarian,not vegetarian,not vegetarian,vegetarian,not vegetarian
dosa,"yogurt, avocado, sprouts",Vegetarian,24,"dosa : yogurt, avocado, sprouts",not vegetarian,not vegetarian,not vegetarian,vegetarian,not vegetarian
crunchy market greens & radish,"cashew peppercorn ranch, rye crouton, horseradish",Vegetarian,23,"crunchy market greens & radish : cashew peppercorn ranch, rye crouton, horseradish",not vegetarian,not vegetarian,not vegetarian,vegetarian,not vegetarian
matsutake mushrooms in fragrant yuzu broth,"yuba budding chive purses, simmered fall greens and roots",Vegetarian,33,"matsutake mushrooms in fragrant yuzu broth : yuba budding chive purses, simmered fall greens and roots",not vegetarian,not vegetarian,not vegetarian,vegetarian,not vegetarian
bergamot scented spaghetti,"rainbow chard, pine nut crumb, smoked chili, mint, gran kinara cheese",Vegetarian,27,"bergamot scented spaghetti : rainbow chard, pine nut crumb, smoked chili, mint, gran kinara cheese",not vegetarian,not vegetarian,not vegetarian,vegetarian,not vegetarian
mushroom walnut bolognese,"carrot paccheri, celery, mint",Vegetarian,32,"mushroom walnut bolognese : carrot paccheri, celery, mint",not vegetarian,vegetarian,not vegetarian,vegetarian,vegetarian
seared tofu,"black maitake mushroom, broccolini, yuzu, ginger, scallion",Vegetarian,35,"seared tofu : black maitake mushroom, broccolini, yuzu, ginger, scallion",not vegetarian,vegetarian,not vegetarian,vegetarian,vegetarian
"coconut sticky rice, pandan, key lime, sea salt",no description,Vegetarian,17,"coconut sticky rice, pandan, key lime, sea salt : no description",not vegetarian,not vegetarian,not vegetarian,vegetarian,not vegetarian
GREEK VILLAGE OMELET,"fresh spinach, scallions and feta cheese cooked in a fluffy omelet",Vegetarian,15,"GREEK VILLAGE OMELET : fresh spinach, scallions and feta cheese cooked in a fluffy omelet",not vegetarian,vegetarian,not vegetarian,vegetarian,vegetarian
GREEK ISLAND FRITTATA,hearty baked omelet with potatoes and country sausages flavored with orange zest,Vegetarian,,GREEK ISLAND FRITTATA : hearty baked omelet with potatoes and country sausages flavored with orange zest,not vegetarian,not vegetarian,not vegetarian,vegetarian,not vegetarian
GREEK GRILLED CHEESE SANDWICH,"pita bread filled with kasseri, tomatoes and pastourma, pan-fried and served with a simple green salad",Not Vegetarian,16,"GREEK GRILLED CHEESE SANDWICH : pita bread filled with kasseri, tomatoes and pastourma, pan-fried and served with a simple green salad",not vegetarian,not vegetarian,not vegetarian,vegetarian,not vegetarian
VEGETARIAN PITA SANDWICH,"pita bread filled with grilled eggplant, zucchini, roasted red peppers and feta",Vegetarian,,"VEGETARIAN PITA SANDWICH : pita bread filled with grilled eggplant, zucchini, roasted red peppers and feta",vegetarian,vegetarian,vegetarian,vegetarian,vegetarian
AVGOLEMONO ME SAMPANIA,"champagne avgolemono, PYLOS’ smooth as silk classic egg-lemon soup with chicken stock and orzo",Not Vegetarian,,"AVGOLEMONO ME SAMPANIA : champagne avgolemono, PYLOS’ smooth as silk classic egg-lemon soup with chicken stock and orzo",not vegetarian,not vegetarian,not vegetarian,not vegetarian,not vegetarian
ELINIKI SALATA,"greek salad with lettuce, fresh tomatoes, cucumbers, onions, stuffed grape leaves, feta and kalamata olives",Vegetarian,,"ELINIKI SALATA : greek salad with lettuce, fresh tomatoes, cucumbers, onions, stuffed grape leaves, feta and kalamata olives",not vegetarian,vegetarian,not vegetarian,vegetarian,vegetarian
HORIATIKI,"the classic greek village salad, with fresh tomatoes, onions, cucumbers, capers, kalamata olives, feta and a simple dressing of extra-virgin greek olive oil and red wine vinegar",Vegetarian,,"HORIATIKI : the classic greek village salad, with fresh tomatoes, onions, cucumbers, capers, kalamata olives, feta and a simple dressing of extra-virgin greek olive oil and red wine vinegar",not vegetarian,not vegetarian,not vegetarian,vegetarian,not vegetarian
SPANAKOPITA,"crispy savory greek phyllo pastry filled with fresh spinach, feta and aromatic herbs",Vegetarian,13,"SPANAKOPITA : crispy savory greek phyllo pastry filled with fresh spinach, feta and aromatic herbs",not vegetarian,not vegetarian,not vegetarian,vegetarian,not vegetarian
KOLOKYTHAKIA KAI MELITZANAKIA TYGANITA,"crisp, fried zucchini and eggplant rounds served with tzatziki",Vegetarian,12,"KOLOKYTHAKIA KAI MELITZANAKIA TYGANITA : crisp, fried zucchini and eggplant rounds served with tzatziki",not vegetarian,not vegetarian,vegetarian,vegetarian,not vegetarian
KALAMARAKIA TYGANITA,crisp fresh fried squid,Not Vegetarian,14,KALAMARAKIA TYGANITA : crisp fresh fried squid,not vegetarian,not vegetarian,not vegetarian,not vegetarian,not vegetarian
AFRATA KEFTEDAKIA,"PYLOS’ light-as-air meatballs, pan-fried in olive oil",Vegetarian,13,"AFRATA KEFTEDAKIA : PYLOS’ light-as-air meatballs, pan-fried in olive oil",not vegetarian,not vegetarian,not vegetarian,not vegetarian,not vegetarian
GARIDES OUZO,large shrimp cooked in a light ouzo and tomato cream sauce,Not Vegetarian,18,GARIDES OUZO : large shrimp cooked in a light ouzo and tomato cream sauce,not vegetarian,not vegetarian,not vegetarian,not vegetarian,not vegetarian
SAGANAKI TOU MERAKLI,three greek cheeses melted in a clay pot,Vegetarian,13,SAGANAKI TOU MERAKLI : three greek cheeses melted in a clay pot,not vegetarian,not vegetarian,not vegetarian,not vegetarian,not vegetarian
HTAPOTHI SCHARAS,"classic grilled, marinated octopus with a balsamic reduction sauce and capers",Not Vegetarian,,"HTAPOTHI SCHARAS : classic grilled, marinated octopus with a balsamic reduction sauce and capers",not vegetarian,not vegetarian,not vegetarian,not vegetarian,not vegetarian
GREEK YIAYIA’S FRIED POTATOES,wedges of handcut fried potatoes served with grated greek sheep’s milk cheese and oregano,Vegetarian,8,GREEK YIAYIA’S FRIED POTATOES : wedges of handcut fried potatoes served with grated greek sheep’s milk cheese and oregano,not vegetarian,not vegetarian,not vegetarian,vegetarian,not vegetarian
SPANAKORIZO,classic spinach-rice lemon pilaf served with crumbled feta,Vegetarian,,SPANAKORIZO : classic spinach-rice lemon pilaf served with crumbled feta,not vegetarian,vegetarian,not vegetarian,vegetarian,vegetarian
PASTITSIO,PYLOS’ terrine of baked pasta layered with aromatic meat sauce and béchamel,Not Vegetarian,20,PASTITSIO : PYLOS’ terrine of baked pasta layered with aromatic meat sauce and béchamel,not vegetarian,not vegetarian,not vegetarian,not vegetarian,not vegetarian
MOUSSAKA,"layers of lightly sautéed eggplant, zucchini and potato baked in a clay dish with aromatic ground meat sauce and béchamel",Not Vegetarian,,"MOUSSAKA : layers of lightly sautéed eggplant, zucchini and potato baked in a clay dish with aromatic ground meat sauce and béchamel",not vegetarian,not vegetarian,not vegetarian,vegetarian,not vegetarian
DIPS,"comes with pita; LABNEH za’atar; MUHAMMARA roasted red pepper, walnut; MATBUCHA tomato confit, smoked paprika",Vegetarian,11 (each) / 29 (all three),"DIPS : comes with pita; LABNEH za’atar; MUHAMMARA roasted red pepper, walnut; MATBUCHA tomato confit, smoked paprika",not vegetarian,not vegetarian,not vegetarian,vegetarian,not vegetarian
FENNEL & PEAR,"celery, pecorino, breadcrumbs",Vegetarian,22,"FENNEL & PEAR : celery, pecorino, breadcrumbs",not vegetarian,vegetarian,not vegetarian,vegetarian,vegetarian
ENDIVE,"radicchio, apples, pecan, gorgonzola",Vegetarian,24,"ENDIVE : radicchio, apples, pecan, gorgonzola",vegetarian,not vegetarian,vegetarian,vegetarian,not vegetarian
SCALLOP CRUDO,"brown butter, gooseberries, meyer lemon",Vegetarian,26,"SCALLOP CRUDO : brown butter, gooseberries, meyer lemon",not vegetarian,not vegetarian,not vegetarian,not vegetarian,not vegetarian
MUSHROOM BUREKA,black truffle butter (add bureka +6),Not Vegetarian,24,MUSHROOM BUREKA : black truffle butter (add bureka +6),not vegetarian,not vegetarian,not vegetarian,not vegetarian,not vegetarian
PARSNIP RISOTTO,"parmesan, fried sage",Vegetarian,28,"PARSNIP RISOTTO : parmesan, fried sage",not vegetarian,not vegetarian,not vegetarian,not vegetarian,not vegetarian
LAMB KEBAB,"malawach, sumac onion, zhoug, tahini (add skewer +15)",Not Vegetarian,33,"LAMB KEBAB : malawach, sumac onion, zhoug, tahini (add skewer +15)",not vegetarian,not vegetarian,not vegetarian,not vegetarian,not vegetarian
HARISSA CHICKEN,"tzatziki, castelvetrano olives, pine nuts",Not Vegetarian,36,"HARISSA CHICKEN : tzatziki, castelvetrano olives, pine nuts",not vegetarian,not vegetarian,not vegetarian,vegetarian,not vegetarian
DUCK CONFIT HARRIRA,"spaghetti squash, chickpeas, cilantro",Not Vegetarian,32,"DUCK CONFIT HARRIRA : spaghetti squash, chickpeas, cilantro",not vegetarian,vegetarian,not vegetarian,vegetarian,vegetarian
WHOLE BRANZINO,"braised leeks, seaweed butter",Not Vegetarian,46,"WHOLE BRANZINO : braised leeks, seaweed butter",not vegetarian,not vegetarian,not vegetarian,not vegetarian,not vegetarian
misticanza,"castelfranco, rossa del veneto, escarole, capers, focaccia croutons, pecorino",Vegetarian,22,"misticanza : castelfranco, rossa del veneto, escarole, capers, focaccia croutons, pecorino",not vegetarian,not vegetarian,not vegetarian,not vegetarian,not vegetarian
roasted honeynut squash,"taleggio, hazelnuts, brown butter, cantucci, spigarello",Vegetarian,23,"roasted honeynut squash : taleggio, hazelnuts, brown butter, cantucci, spigarello",not vegetarian,not vegetarian,not vegetarian,vegetarian,not vegetarian
suppli,"white truffle, bufala mozzarella, porcini",Vegetarian,26,"suppli : white truffle, bufala mozzarella, porcini",not vegetarian,not vegetarian,not vegetarian,not vegetarian,not vegetarian
midollo,"roasted bone marrow, beef tartare, celery root",Not Vegetarian,25,"midollo : roasted bone marrow, beef tartare, celery root",not vegetarian,not vegetarian,not vegetarian,not vegetarian,not vegetarian
cappelletti,"roasted chestnut, parmigiano, radicchio, brown butter",Vegetarian,35,"cappelletti : roasted chestnut, parmigiano, radicchio, brown butter",not vegetarian,not vegetarian,not vegetarian,not vegetarian,not vegetarian
busiate,"roasted garlic, parsley, pepperoncino, lemon",Vegetarian,28,"busiate : roasted garlic, parsley, pepperoncino, lemon",vegetarian,not vegetarian,not vegetarian,not vegetarian,not vegetarian
agnolotti,"short rib, duck jus, chive",Not Vegetarian,38,"agnolotti : short rib, duck jus, chive",not vegetarian,not vegetarian,not vegetarian,not vegetarian,not vegetarian
lasagna,"rabbit & veal ragu, chervil, almonds, bufala mozzarella",Not Vegetarian,28,"lasagna : rabbit & veal ragu, chervil, almonds, bufala mozzarella",not vegetarian,not vegetarian,not vegetarian,vegetarian,not vegetarian
Roman Classics,"cacio e pepe, alla gricia, alla carbonara, all'amatriciana",Not Vegetarian,,"Roman Classics : cacio e pepe, alla gricia, alla carbonara, all'amatriciana",not vegetarian,not vegetarian,not vegetarian,not vegetarian,not vegetarian
lamb porterhouse,"creamy polenta, tardivo salad, mirto",Not Vegetarian,46,"lamb porterhouse : creamy polenta, tardivo salad, mirto",not vegetarian,not vegetarian,not vegetarian,not vegetarian,not vegetarian
rainbow trout,"summer potatoes, lemon curd, Calabrian chili",Not Vegetarian,48,"rainbow trout : summer potatoes, lemon curd, Calabrian chili",not vegetarian,vegetarian,not vegetarian,not vegetarian,vegetarian
maritozzo,"sweet yeasted brioche, Chantilly creme, citrus",Vegetarian,12,"maritozzo : sweet yeasted brioche, Chantilly creme, citrus",not vegetarian,not vegetarian,not vegetarian,not vegetarian,not vegetarian
gelati & sorbetti,one scoop (flavors change daily),Vegetarian,6,gelati & sorbetti : one scoop (flavors change daily),not vegetarian,not vegetarian,not vegetarian,not vegetarian,not vegetarian
Broccolini,garlic & almonds,Vegetarian,14,Broccolini : garlic & almonds,not vegetarian,not vegetarian,not vegetarian,vegetarian,not vegetarian
Roast kohlrabi,sugar snap peas & yogurt,Vegetarian,16,Roast kohlrabi : sugar snap peas & yogurt,not vegetarian,vegetarian,not vegetarian,vegetarian,vegetarian
Crispy yams,persian lime aioli,Vegetarian,16,Crispy yams : persian lime aioli,not vegetarian,vegetarian,not vegetarian,not vegetarian,vegetarian
Beets,"pistachio, feta cheese",Vegetarian,17,"Beets : pistachio, feta cheese",not vegetarian,vegetarian,not vegetarian,vegetarian,vegetarian
Market Salad,"fennel, radish & chickpea",Vegetarian,17,"Market Salad : fennel, radish & chickpea",not vegetarian,not vegetarian,vegetarian,vegetarian,not vegetarian
Heirloom cauliflower,herb tahini & pomegranate,Vegetarian,29,Heirloom cauliflower : herb tahini & pomegranate,not vegetarian,not vegetarian,vegetarian,vegetarian,not vegetarian
Crispy quail,"tahini yogurt, pickled egg",Not Vegetarian,37,"Crispy quail : tahini yogurt, pickled egg",not vegetarian,not vegetarian,not vegetarian,not vegetarian,not vegetarian
Seared tuna,"sheep yogurt, tomato & chili",Not Vegetarian,37,"Seared tuna : sheep yogurt, tomato & chili",not vegetarian,not vegetarian,not vegetarian,not vegetarian,not vegetarian
Dorade,grilled & butterflied,Not Vegetarian,42,Dorade : grilled & butterflied,not vegetarian,not vegetarian,not vegetarian,vegetarian,not vegetarian
Half chicken,breadcrumbs,Not Vegetarian,34,Half chicken : breadcrumbs,not vegetarian,not vegetarian,not vegetarian,not vegetarian,not vegetarian
Smoked lamb shawarma,labne & herbs,Not Vegetarian,38,Smoked lamb shawarma : labne & herbs,not vegetarian,not vegetarian,not vegetarian,not vegetarian,not vegetarian
TORO SSAM BAP,"Fatty Tuna, Scrambled Egg, Tobiko, Shallots, Jalapeño, Toasted Seaweed, Golden Osetra Caviar",Not Vegetarian,55,"TORO SSAM BAP : Fatty Tuna, Scrambled Egg, Tobiko, Shallots, Jalapeño, Toasted Seaweed, Golden Osetra Caviar",not vegetarian,not vegetarian,not vegetarian,not vegetarian,not vegetarian
TRUFFLE SCALLOP,"Scallop Hwe, Truffle Soy, Pickled Radish, Truffle Aioli, Shimeji Mushrooms, Burgundy Truffle",Not Vegetarian,39,"TRUFFLE SCALLOP : Scallop Hwe, Truffle Soy, Pickled Radish, Truffle Aioli, Shimeji Mushrooms, Burgundy Truffle",not vegetarian,not vegetarian,not vegetarian,vegetarian,not vegetarian
CEVICHE,"Assorted Fish, White Radish Dressing, Avocado, Lime, Red Onion, Jalapeño",Not Vegetarian,23,"CEVICHE : Assorted Fish, White Radish Dressing, Avocado, Lime, Red Onion, Jalapeño",not vegetarian,not vegetarian,not vegetarian,not vegetarian,not vegetarian
AMBERJACK & ONION,"Amberjack Hwe, Cucumber, Radish, Serrano, Pearl Onion, Soy Bean Dressing",Not Vegetarian,27,"AMBERJACK & ONION : Amberjack Hwe, Cucumber, Radish, Serrano, Pearl Onion, Soy Bean Dressing",not vegetarian,not vegetarian,not vegetarian,vegetarian,not vegetarian
FLUKE HWE,"Wild Fluke, Red Onion, Cucumber, Myoga, Olive Oil “Dongchimi” Emulsion, Plum Cho Gochujang",Not Vegetarian,25,"FLUKE HWE : Wild Fluke, Red Onion, Cucumber, Myoga, Olive Oil “Dongchimi” Emulsion, Plum Cho Gochujang",not vegetarian,not vegetarian,not vegetarian,not vegetarian,not vegetarian
CLAM & SEABREAM,"Manilla Clams, Sea Bream, Serrano Pepper, Olive Oil, Dill",Not Vegetarian,26,"CLAM & SEABREAM : Manilla Clams, Sea Bream, Serrano Pepper, Olive Oil, Dill",not vegetarian,not vegetarian,not vegetarian,not vegetarian,not vegetarian
JEJU FRIED CHIKIN,"2pc Chicken, Onion Powder, Yogurt Dip, Caviar",Not Vegetarian,31,"JEJU FRIED CHIKIN : 2pc Chicken, Onion Powder, Yogurt Dip, Caviar",not vegetarian,not vegetarian,not vegetarian,not vegetarian,not vegetarian
JA JANG STYLE RIBS,"Half Rack St. Louis Style Pork Ribs, Maple - Black Bean Glaze, Banchan",Not Vegetarian,33,"JA JANG STYLE RIBS : Half Rack St. Louis Style Pork Ribs, Maple - Black Bean Glaze, Banchan",not vegetarian,not vegetarian,not vegetarian,not vegetarian,not vegetarian
GOCHUJANG BOKUM,"Beef Ragu, Iceberg Lettuce, Pickled Mustard, Palae Seaweed, Potato Crisps",Not Vegetarian,13,"GOCHUJANG BOKUM : Beef Ragu, Iceberg Lettuce, Pickled Mustard, Palae Seaweed, Potato Crisps",not vegetarian,not vegetarian,not vegetarian,not vegetarian,not vegetarian
WAGYU RAMYUN,"A Rich Veal Bone Broth, Raw Miyazaki A5 Wagyu Brisket, Kikurage, Enoki, Scallion Oil, Sesame, Chili Beef Ragu",Not Vegetarian,45,"WAGYU RAMYUN : A Rich Veal Bone Broth, Raw Miyazaki A5 Wagyu Brisket, Kikurage, Enoki, Scallion Oil, Sesame, Chili Beef Ragu",not vegetarian,not vegetarian,not vegetarian,not vegetarian,not vegetarian
GOCHU RAMYUN,"A Rich Spicy Pork Bone Broth, Pork Belly, White Kimchi, Sauce “Ko”mericaine, Charred Scallion Oil",Not Vegetarian,23,"GOCHU RAMYUN : A Rich Spicy Pork Bone Broth, Pork Belly, White Kimchi, Sauce “Ko”mericaine, Charred Scallion Oil",not vegetarian,not vegetarian,not vegetarian,not vegetarian,not vegetarian
FAMILY RAMYUN,"A Rich Pork Bone Broth, Scallion, Porchetta, Shrimp, Pickled Jalapeño, Wood Ear Mushroom, Calabrian Chili",Not Vegetarian,23,"FAMILY RAMYUN : A Rich Pork Bone Broth, Scallion, Porchetta, Shrimp, Pickled Jalapeño, Wood Ear Mushroom, Calabrian Chili",not vegetarian,not vegetarian,not vegetarian,not vegetarian,not vegetarian
MUSHROOM RAMYUN,"Seasonal Mushrooms, Parmesan Foam, Lime, Chervil, Garlic Chips, Pickled Garlic",Vegetarian,27,"MUSHROOM RAMYUN : Seasonal Mushrooms, Parmesan Foam, Lime, Chervil, Garlic Chips, Pickled Garlic",not vegetarian,not vegetarian,not vegetarian,vegetarian,not vegetarian
LOBSTER MYUN,"Lobster, “Sauce Américaine”, Calabrian Chili, Soy Milk, Lobster Emulsion",Not Vegetarian,36,"LOBSTER MYUN : Lobster, “Sauce Américaine”, Calabrian Chili, Soy Milk, Lobster Emulsion",not vegetarian,not vegetarian,not vegetarian,not vegetarian,not vegetarian
LAMB JA JANG MYUN,"Elysian Field Lamb Ragu, Black Bean Sauce, Szechuan, Pickled Onion, Herbs, Cucumber",Not Vegetarian,27,"LAMB JA JANG MYUN : Elysian Field Lamb Ragu, Black Bean Sauce, Szechuan, Pickled Onion, Herbs, Cucumber",not vegetarian,not vegetarian,not vegetarian,not vegetarian,not vegetarian
DONKATSU,"Berkshire Pork, Tomato Mustard Reduction, Seared Maitake, Cole Slaw",Not Vegetarian,38,"DONKATSU : Berkshire Pork, Tomato Mustard Reduction, Seared Maitake, Cole Slaw",not vegetarian,not vegetarian,not vegetarian,not vegetarian,not vegetarian
GRILLED OCEAN TROUT,"Spicy Cod Roe “Gribiche”, Trout Roe, Jalapeño",Not Vegetarian,34,"GRILLED OCEAN TROUT : Spicy Cod Roe “Gribiche”, Trout Roe, Jalapeño",not vegetarian,not vegetarian,not vegetarian,not vegetarian,not vegetarian
AMERICAN WAGYU RIBEYE,"Chimichurri, Romesco, Ssam, Pickles",Not Vegetarian,6/oz,"AMERICAN WAGYU RIBEYE : Chimichurri, Romesco, Ssam, Pickles",not vegetarian,not vegetarian,not vegetarian,not vegetarian,not vegetarian
ELYSIAN FARM RACK OF LAMB,"Pan Fried Fingerling Potatoes, Truffle Vinaigrette Salad, Pickled Jalapeño, Sesame Dipping Sauce",Not Vegetarian,150,"ELYSIAN FARM RACK OF LAMB : Pan Fried Fingerling Potatoes, Truffle Vinaigrette Salad, Pickled Jalapeño, Sesame Dipping Sauce",not vegetarian,not vegetarian,not vegetarian,vegetarian,not vegetarian
MARINARA,"San Marzano Tomatoes, Amalfi Wild Oregano, Garlic, Basil, Sicilian Sea Salt, EVOO",Vegetarian,,"MARINARA : San Marzano Tomatoes, Amalfi Wild Oregano, Garlic, Basil, Sicilian Sea Salt, EVOO",not vegetarian,not vegetarian,not vegetarian,not vegetarian,not vegetarian
MARGHERITA,"San Marzano Tomatoes, Buffalo Mozzarella DOP, Basil, Sicilian Sea Salt, EVOO",Vegetarian,,"MARGHERITA : San Marzano Tomatoes, Buffalo Mozzarella DOP, Basil, Sicilian Sea Salt, EVOO",not vegetarian,not vegetarian,not vegetarian,not vegetarian,not vegetarian
BIANCA,"Buffalo Mozzarella DOP, Garlic, Basil, Sicilian Sea Salt, EVOO",Vegetarian,,"BIANCA : Buffalo Mozzarella DOP, Garlic, Basil, Sicilian Sea Salt, EVOO",not vegetarian,not vegetarian,not vegetarian,not vegetarian,not vegetarian
FILETTI,"Cherry Tomatoes, Buffalo Mozzarella DOP, Garlic, Basil, Sicilian Sea Salt, EVOO",Vegetarian,,"FILETTI : Cherry Tomatoes, Buffalo Mozzarella DOP, Garlic, Basil, Sicilian Sea Salt, EVOO",not vegetarian,not vegetarian,not vegetarian,vegetarian,not vegetarian
COSACCA,"San Marzano Tomatoes, Pecorino Romano, Basil, Sicilian Sea Salt, EVOO",Vegetarian,,"COSACCA : San Marzano Tomatoes, Pecorino Romano, Basil, Sicilian Sea Salt, EVOO",not vegetarian,not vegetarian,not vegetarian,not vegetarian,not vegetarian
SPECIAL PIZZA,Rotates Weekly,Vegetarian,,SPECIAL PIZZA : Rotates Weekly,not vegetarian,not vegetarian,not vegetarian,not vegetarian,not vegetarian
Vermicelli Delight,Korean Sweet Potato Noodles With Assorted Vegetables Marinated With Soy Sauce,Vegetarian,16,Vermicelli Delight : Korean Sweet Potato Noodles With Assorted Vegetables Marinated With Soy Sauce,not vegetarian,vegetarian,not vegetarian,vegetarian,vegetarian
Spicy Korean Cauliflower Bites,With Vegan Mayonnaise Dip,Vegetarian,16,Spicy Korean Cauliflower Bites : With Vegan Mayonnaise Dip,not vegetarian,vegetarian,vegetarian,vegetarian,vegetarian
Spicy Sesame Leaf Tofu Patties,Minced Oyster Mushrooms And Tofu Wrapped In Sesame Leaves,Vegetarian,18,Spicy Sesame Leaf Tofu Patties : Minced Oyster Mushrooms And Tofu Wrapped In Sesame Leaves,not vegetarian,not vegetarian,not vegetarian,vegetarian,not vegetarian
Stuffed Shiitake Mushrooms,no description,Vegetarian,18,Stuffed Shiitake Mushrooms : no description,not vegetarian,not vegetarian,not vegetarian,not vegetarian,not vegetarian
Korean Pancakes Platter,"Leek, Kimchi Mushroom & Mung Bean Pancakes With Bean Sprouts And Kabocha Pumpkin",Vegetarian,20,"Korean Pancakes Platter : Leek, Kimchi Mushroom & Mung Bean Pancakes With Bean Sprouts And Kabocha Pumpkin",not vegetarian,not vegetarian,not vegetarian,vegetarian,not vegetarian
Organic Wheat Free Kale Pancakes,Made With Sweet Rice Flour,Vegetarian,19,Organic Wheat Free Kale Pancakes : Made With Sweet Rice Flour,not vegetarian,vegetarian,vegetarian,vegetarian,vegetarian
Plant Based Korean ‘Bulgogi’ Bossam Bites,Plant Based ‘Bulgogi’with Pickled Radish And Mushrooms In Spicy Korean Blackraspberry Sauce,Vegetarian,18,Plant Based Korean ‘Bulgogi’ Bossam Bites : Plant Based ‘Bulgogi’with Pickled Radish And Mushrooms In Spicy Korean Blackraspberry Sauce,not vegetarian,not vegetarian,not vegetarian,vegetarian,not vegetarian
Korean Kochi Skewers,"Skewers Featuring Mushroom Head, Asparagus, Scallion And Sweet Chilli",Vegetarian,18,"Korean Kochi Skewers : Skewers Featuring Mushroom Head, Asparagus, Scallion And Sweet Chilli",not vegetarian,not vegetarian,not vegetarian,vegetarian,not vegetarian
Fritters Galore,"Crispy Batter Fried Todok, Sweet Potato, Kabocha Pumpkin, Taro, Broccoli, Beet & Onion",Vegetarian,21,"Fritters Galore : Crispy Batter Fried Todok, Sweet Potato, Kabocha Pumpkin, Taro, Broccoli, Beet & Onion",not vegetarian,not vegetarian,not vegetarian,vegetarian,not vegetarian
Maitake Mushroom Fritters,Organic Maitake Mushrooms Deep Fried In Crispy Batter,Vegetarian,23,Maitake Mushroom Fritters : Organic Maitake Mushrooms Deep Fried In Crispy Batter,not vegetarian,not vegetarian,not vegetarian,vegetarian,not vegetarian
Combination Rolls,"Buckwheat Noodle Rolls, Seaweed Rolls, Mushroom Rolls And Kimchi Vermicelli Rolls",Vegetarian,21,"Combination Rolls : Buckwheat Noodle Rolls, Seaweed Rolls, Mushroom Rolls And Kimchi Vermicelli Rolls",not vegetarian,vegetarian,not vegetarian,vegetarian,vegetarian
HanGawi Stone Bowl Rice,Assortment Of Vegetables With Hot Chili Paste On The Side,Vegetarian,26,HanGawi Stone Bowl Rice : Assortment Of Vegetables With Hot Chili Paste On The Side,vegetarian,vegetarian,not vegetarian,vegetarian,vegetarian
Spicy Kimchi Stone Bowl Rice,Spicy Preserved Korean Cabbage With Vegetables And Mushrooms,Vegetarian,26,Spicy Kimchi Stone Bowl Rice : Spicy Preserved Korean Cabbage With Vegetables And Mushrooms,not vegetarian,not vegetarian,not vegetarian,vegetarian,not vegetarian
Avocado Stone Bowl Rice,"Avocado With Vegetables, Mushrooms And Mountain Greens With Miso Sauce On The Side",Vegetarian,26,"Avocado Stone Bowl Rice : Avocado With Vegetables, Mushrooms And Mountain Greens With Miso Sauce On The Side",vegetarian,vegetarian,not vegetarian,vegetarian,vegetarian
Zen Stone Bowl Rice,"Wild Mountain Greens With Vegetables, And Mushrooms, Served With Organic Brown Rice",Vegetarian,29,"Zen Stone Bowl Rice : Wild Mountain Greens With Vegetables, And Mushrooms, Served With Organic Brown Rice",vegetarian,not vegetarian,not vegetarian,vegetarian,not vegetarian
Plant Based Korean ‘Bulgogi’ Stone Bowl Rice,"Plant Based ‘Bulgogi’ With Sesame Leaves, Vegetables And Mushrooms",Vegetarian,29,"Plant Based Korean ‘Bulgogi’ Stone Bowl Rice : Plant Based ‘Bulgogi’ With Sesame Leaves, Vegetables And Mushrooms",not vegetarian,not vegetarian,not vegetarian,vegetarian,not vegetarian
Tofu Stone Bowl Rice With Sesame Leaves,"Tofu Crumbles, Sesame Leaves, Mushrooms And Vegetables With Hot Chili Paste On The Side",Vegetarian,29,"Tofu Stone Bowl Rice With Sesame Leaves : Tofu Crumbles, Sesame Leaves, Mushrooms And Vegetables With Hot Chili Paste On The Side",vegetarian,vegetarian,not vegetarian,vegetarian,vegetarian
Mushroom Stone Bowl Rice With Black Truffle Paste,"Variety Of Mushrooms, Gingko Nuts, Chestnut, Black Truffle Paste In Spicy Truffle Sauce",Vegetarian,35,"Mushroom Stone Bowl Rice With Black Truffle Paste : Variety Of Mushrooms, Gingko Nuts, Chestnut, Black Truffle Paste In Spicy Truffle Sauce",not vegetarian,not vegetarian,not vegetarian,vegetarian,not vegetarian
Vegetable Dumplings,"Stuffed With Vegetables, Mushrooms, Tofu And Vermicelli. Served Steamed Or Fried",Vegetarian,15,"Vegetable Dumplings : Stuffed With Vegetables, Mushrooms, Tofu And Vermicelli. Served Steamed Or Fried",vegetarian,vegetarian,vegetarian,vegetarian,vegetarian
Spicy Baby Dumplings,"Stuffed With Vegetables, Mushrooms, Tofu And Vermicelli. With Special Spicy Sauce",Vegetarian,15,"Spicy Baby Dumplings : Stuffed With Vegetables, Mushrooms, Tofu And Vermicelli. With Special Spicy Sauce",vegetarian,vegetarian,vegetarian,vegetarian,vegetarian
Kale Dumplings In Tofu Skin Wrap,"Kale, Tofu, Edamame Beans And Vegetables Wrapped In Tofu Skin",Vegetarian,17,"Kale Dumplings In Tofu Skin Wrap : Kale, Tofu, Edamame Beans And Vegetables Wrapped In Tofu Skin",vegetarian,vegetarian,vegetarian,vegetarian,vegetarian
Black Truffle Dumplings,"Stuffed With Variety Of Mushrooms, Tofu And Black Truffle Paste With Truffle Oil Sauce",Vegetarian,20,"Black Truffle Dumplings : Stuffed With Variety Of Mushrooms, Tofu And Black Truffle Paste With Truffle Oil Sauce",not vegetarian,vegetarian,vegetarian,vegetarian,vegetarian
Spicy Kale And Broccoli Kimchi Salad,With Red Beets And Tofu,Vegetarian,16,Spicy Kale And Broccoli Kimchi Salad : With Red Beets And Tofu,not vegetarian,not vegetarian,vegetarian,vegetarian,not vegetarian
Acorn Noodles Salad,"Acorn Noodles, Mix Greens And Avocado Fritter",Vegetarian,17,"Acorn Noodles Salad : Acorn Noodles, Mix Greens And Avocado Fritter",not vegetarian,not vegetarian,not vegetarian,vegetarian,not vegetarian
Organic Dandelion And Avocado Salad,With Taro Fritters And Ginger Mustard Dressing,Vegetarian,17,Organic Dandelion And Avocado Salad : With Taro Fritters And Ginger Mustard Dressing,not vegetarian,vegetarian,not vegetarian,vegetarian,vegetarian
Todok Salad,"Fresh Todok (Korean Root Vegetable) With Watercress, Cabbage And Carrots In Bean Paste Lemon Dressing",Vegetarian,20,"Todok Salad : Fresh Todok (Korean Root Vegetable) With Watercress, Cabbage And Carrots In Bean Paste Lemon Dressing",not vegetarian,not vegetarian,not vegetarian,vegetarian,not vegetarian
HOUSE SALAMI & CHEESE,"Savory Pizzelles, Crescenza Cheese, Sicilian Honey",Not Vegetarian,15,"HOUSE SALAMI & CHEESE : Savory Pizzelles, Crescenza Cheese, Sicilian Honey",not vegetarian,not vegetarian,not vegetarian,not vegetarian,not vegetarian
SCALLOP CRUDO,"Pink Apples, Italian Basil, Smoked Pine Nut Brodo",Not Vegetarian,21,"SCALLOP CRUDO : Pink Apples, Italian Basil, Smoked Pine Nut Brodo",not vegetarian,not vegetarian,not vegetarian,not vegetarian,not vegetarian
TONNATO VITELLO,"Spicy Veal Tartare, Tuna Carpaccio",Not Vegetarian,20,"TONNATO VITELLO : Spicy Veal Tartare, Tuna Carpaccio",not vegetarian,not vegetarian,not vegetarian,not vegetarian,not vegetarian
CHRYSANTHEMUM SALAD,"Garlic, Sesame, Parmesan",Vegetarian,21,"CHRYSANTHEMUM SALAD : Garlic, Sesame, Parmesan",not vegetarian,not vegetarian,not vegetarian,vegetarian,not vegetarian
SPICY CANTALOUPE & COPPA,"Spiced Almonds, Sheep's Cheese, Thai Basil",Not Vegetarian,19,"SPICY CANTALOUPE & COPPA : Spiced Almonds, Sheep's Cheese, Thai Basil",not vegetarian,not vegetarian,not vegetarian,not vegetarian,not vegetarian
BBQ CALAMARI,"Pepperoni Fried Rice, Herbed Labneh",Not Vegetarian,19,"BBQ CALAMARI : Pepperoni Fried Rice, Herbed Labneh",not vegetarian,not vegetarian,not vegetarian,not vegetarian,not vegetarian
BUFFALO MILK CARAMELLE,"Black Sesame, Candied Kumquat",Vegetarian,28,"BUFFALO MILK CARAMELLE : Black Sesame, Candied Kumquat",not vegetarian,not vegetarian,not vegetarian,not vegetarian,not vegetarian
STRACCHINO GNOCCHI,"Broccoli Rabe, Crispy Garlic, Sharp Provolone",Vegetarian,28,"STRACCHINO GNOCCHI : Broccoli Rabe, Crispy Garlic, Sharp Provolone",not vegetarian,vegetarian,vegetarian,vegetarian,vegetarian
SORPRESINE & SMOKED MUSSELS,"Peroni, Pimenton, Cilantro Macho",Not Vegetarian,27,"SORPRESINE & SMOKED MUSSELS : Peroni, Pimenton, Cilantro Macho",not vegetarian,not vegetarian,not vegetarian,not vegetarian,not vegetarian
SOURDOUGH PASTA CACCIATORE,"Mezcal-Braised Chicken, Nduja, Sicilian Olives",Not Vegetarian,29,"SOURDOUGH PASTA CACCIATORE : Mezcal-Braised Chicken, Nduja, Sicilian Olives",not vegetarian,not vegetarian,not vegetarian,not vegetarian,not vegetarian
GARGANELLI GIGANTI,"Broken Meatball Ragu, Guanciale, Pecorino",Not Vegetarian,29,"GARGANELLI GIGANTI : Broken Meatball Ragu, Guanciale, Pecorino",not vegetarian,not vegetarian,not vegetarian,not vegetarian,not vegetarian
SPICED ORATA ALLA GRIGLIA,"Sicilian Saffron, Toasted Almond, Fennel Buttermilk",Not Vegetarian,34,"SPICED ORATA ALLA GRIGLIA : Sicilian Saffron, Toasted Almond, Fennel Buttermilk",not vegetarian,not vegetarian,not vegetarian,vegetarian,not vegetarian
CHICKEN SCARPARIELLO,"Blackened Sausage, Capocollo, Anaheim Chilies",Not Vegetarian,31,"CHICKEN SCARPARIELLO : Blackened Sausage, Capocollo, Anaheim Chilies",not vegetarian,not vegetarian,not vegetarian,not vegetarian,not vegetarian
VEAL 'DA PEPI',"Horseradish, Speck, Caraway",Not Vegetarian,39,"VEAL 'DA PEPI' : Horseradish, Speck, Caraway",vegetarian,vegetarian,not vegetarian,vegetarian,vegetarian
SHELL STEAK AL LIMONE,"Charred, Cured & Confit Lemons",Not Vegetarian,39,"SHELL STEAK AL LIMONE : Charred, Cured & Confit Lemons",not vegetarian,not vegetarian,not vegetarian,not vegetarian,not vegetarian
GRILLED PORK SHOULDER*,"Gigante Beans all' Amatriciana, Red Dandelion",Not Vegetarian,33,"GRILLED PORK SHOULDER* : Gigante Beans all' Amatriciana, Red Dandelion",not vegetarian,not vegetarian,not vegetarian,not vegetarian,not vegetarian
OUR LASAGNA FOR TWO,"Italian Sausage Bolognese, Whipped Robiolina",Not Vegetarian,68,"OUR LASAGNA FOR TWO : Italian Sausage Bolognese, Whipped Robiolina",not vegetarian,not vegetarian,not vegetarian,not vegetarian,not vegetarian
WHOLE ROASTED LOBSTER FOR TWO*,"Smoked Vodka Sauce, Spicy Polenta Tortelli, Lobster Polpette",Not Vegetarian,135,"WHOLE ROASTED LOBSTER FOR TWO* : Smoked Vodka Sauce, Spicy Polenta Tortelli, Lobster Polpette",not vegetarian,not vegetarian,not vegetarian,not vegetarian,not vegetarian
JAPANESE SWEET POTATOES,"Sumac, Creamy Italian",Vegetarian,14,"JAPANESE SWEET POTATOES : Sumac, Creamy Italian",not vegetarian,not vegetarian,not vegetarian,not vegetarian,not vegetarian
BROCCOLI DI CICCIO,"Black Garlic Aglio e Olio, Pecorino, Hazelnuts",Vegetarian,14,"BROCCOLI DI CICCIO : Black Garlic Aglio e Olio, Pecorino, Hazelnuts",not vegetarian,not vegetarian,not vegetarian,not vegetarian,not vegetarian
CAULIFLOWER FRANCESCO,Frank's Red Hot Oreganata,Vegetarian,12,CAULIFLOWER FRANCESCO : Frank's Red Hot Oreganata,not vegetarian,not vegetarian,not vegetarian,not vegetarian,not vegetarian
CARAMELIZED PEAR SORBETTO,"Mascarpone Granita, Browned Butter, Amaretto",Vegetarian,12,"CARAMELIZED PEAR SORBETTO : Mascarpone Granita, Browned Butter, Amaretto",not vegetarian,not vegetarian,not vegetarian,not vegetarian,not vegetarian
FIOR DI LATTE MOCHI,"Taggiasca Olive Oil, Sea Salt",Vegetarian,10,"FIOR DI LATTE MOCHI : Taggiasca Olive Oil, Sea Salt",not vegetarian,not vegetarian,not vegetarian,not vegetarian,not vegetarian
BLACK COCOA TIRAMISU,"Marsala Caramel, Crispy Feuilletine",Vegetarian,14,"BLACK COCOA TIRAMISU : Marsala Caramel, Crispy Feuilletine",not vegetarian,not vegetarian,not vegetarian,not vegetarian,not vegetarian
TZATZIKI,"yogurt, dill, cucumber",Vegetarian,,"TZATZIKI : yogurt, dill, cucumber",not vegetarian,not vegetarian,not vegetarian,vegetarian,not vegetarian
MELITZANOSALATA,"smoked eggplant, tahini, garlic",Vegetarian,,"MELITZANOSALATA : smoked eggplant, tahini, garlic",not vegetarian,not vegetarian,not vegetarian,vegetarian,not vegetarian
MUHAMARA,"roasted red pepper, pomegranate, walnuts",Vegetarian,,"MUHAMARA : roasted red pepper, pomegranate, walnuts",not vegetarian,not vegetarian,not vegetarian,not vegetarian,not vegetarian
HUMMUS,"tahini, parsley, garlic, lemon",Vegetarian,,"HUMMUS : tahini, parsley, garlic, lemon",not vegetarian,not vegetarian,not vegetarian,vegetarian,not vegetarian
KOPANISTI,"whipped spicy feta, chili oil",Vegetarian,,"KOPANISTI : whipped spicy feta, chili oil",not vegetarian,not vegetarian,not vegetarian,vegetarian,not vegetarian
LOLA,"tomatoes, cucumber, olives, feta",Vegetarian,26,"LOLA : tomatoes, cucumber, olives, feta",not vegetarian,vegetarian,not vegetarian,vegetarian,vegetarian
AEGEAN,"kale, brussels sprouts",Vegetarian,19,"AEGEAN : kale, brussels sprouts",not vegetarian,vegetarian,vegetarian,vegetarian,vegetarian
SANTORINI,"baby gem, roasted corn, lardon, spicy feta, green goddess",Not Vegetarian,22,"SANTORINI : baby gem, roasted corn, lardon, spicy feta, green goddess",not vegetarian,not vegetarian,not vegetarian,vegetarian,not vegetarian
GRILLED EGGPLANT,"tzatziki, pickled green tomatoes",Vegetarian,18,"GRILLED EGGPLANT : tzatziki, pickled green tomatoes",not vegetarian,not vegetarian,not vegetarian,not vegetarian,not vegetarian
TOASTED HALLOUMI,"sesame, honey",Vegetarian,19,"TOASTED HALLOUMI : sesame, honey",not vegetarian,not vegetarian,not vegetarian,not vegetarian,not vegetarian
SAGANAKI FONDUE,"feta, graviera, manouri, pepper jam",Vegetarian,22,"SAGANAKI FONDUE : feta, graviera, manouri, pepper jam",not vegetarian,vegetarian,not vegetarian,vegetarian,vegetarian
SPANAKOPITA SPRING ROLLS,"spinach, mint, parsley, leeks, feta",Vegetarian,20,"SPANAKOPITA SPRING ROLLS : spinach, mint, parsley, leeks, feta",not vegetarian,vegetarian,not vegetarian,vegetarian,vegetarian
GRILLED OCTOPUS,hummus,Not Vegetarian,28,GRILLED OCTOPUS : hummus,not vegetarian,not vegetarian,not vegetarian,not vegetarian,not vegetarian
CHICKEN GYRO BAO BUNS,"pickled cucumbers, tzatziki",Not Vegetarian,22,"CHICKEN GYRO BAO BUNS : pickled cucumbers, tzatziki",not vegetarian,not vegetarian,not vegetarian,vegetarian,not vegetarian
TUNA TARTARE,"yuzu, calabrian chili, shallots",Not Vegetarian,26,"TUNA TARTARE : yuzu, calabrian chili, shallots",not vegetarian,not vegetarian,not vegetarian,not vegetarian,not vegetarian
LAMB KEFTEDES,"spiced lamb, pickled onion, tabouleh",Not Vegetarian,22,"LAMB KEFTEDES : spiced lamb, pickled onion, tabouleh",not vegetarian,not vegetarian,not vegetarian,not vegetarian,not vegetarian
CHICKEN SOUVLAKI,"grilled vegetables, baldo rice",Not Vegetarian,36,"CHICKEN SOUVLAKI : grilled vegetables, baldo rice",not vegetarian,not vegetarian,not vegetarian,vegetarian,not vegetarian
ROASTED KING SALMON,"caper vinaigrette, cauliflower puree, spinach",Not Vegetarian,34,"ROASTED KING SALMON : caper vinaigrette, cauliflower puree, spinach",not vegetarian,not vegetarian,not vegetarian,vegetarian,not vegetarian
SHRIMP ORZO,"tomato, buttered leeks, ouzo",Not Vegetarian,38,"SHRIMP ORZO : tomato, buttered leeks, ouzo",not vegetarian,vegetarian,not vegetarian,not vegetarian,vegetarian
LAVRAKI,whole mediterranean sea bass,Not Vegetarian,82,LAVRAKI : whole mediterranean sea bass,not vegetarian,not vegetarian,not vegetarian,not vegetarian,not vegetarian
GRILLED AUSTRALIAN LAMB CHOPS,"roasted potatoes, tzatziki",Not Vegetarian,48,"GRILLED AUSTRALIAN LAMB CHOPS : roasted potatoes, tzatziki",not vegetarian,not vegetarian,not vegetarian,not vegetarian,not vegetarian
MARINATED NEW YORK STRIP,"creekstone farms new york strip, herbed fries",Not Vegetarian,46,"MARINATED NEW YORK STRIP : creekstone farms new york strip, herbed fries",not vegetarian,not vegetarian,not vegetarian,vegetarian,not vegetarian
THE LOLA TOMAHAWK,snake river farms american wagyu,Not Vegetarian,195,THE LOLA TOMAHAWK : snake river farms american wagyu,not vegetarian,not vegetarian,not vegetarian,vegetarian,not vegetarian
WHIPPED RICOTTA,"BROWN BUTTER, HONEY, SAGE (GF)",Vegetarian,12,"WHIPPED RICOTTA : BROWN BUTTER, HONEY, SAGE (GF)",not vegetarian,not vegetarian,not vegetarian,not vegetarian,not vegetarian
LABNE,"ZA'ATAR, OLIVE OIL (GF)",Vegetarian,11,"LABNE : ZA'ATAR, OLIVE OIL (GF)",not vegetarian,not vegetarian,not vegetarian,not vegetarian,not vegetarian
BABAGANOUSH,"GINGER AIOLI, ZA’ATAR (GF, DF)",Vegetarian,12,"BABAGANOUSH : GINGER AIOLI, ZA’ATAR (GF, DF)",not vegetarian,not vegetarian,not vegetarian,not vegetarian,not vegetarian
BEET HUMMUS,"BEETS, TAHINI, GOAT CHEESE, ORANGES (GF, DF, V)",Vegetarian,11,"BEET HUMMUS : BEETS, TAHINI, GOAT CHEESE, ORANGES (GF, DF, V)",not vegetarian,vegetarian,not vegetarian,vegetarian,vegetarian
MUHAMARRA,"ROASTED RED PEPPER, WALNUT, BREADCRUMBS (GF, DF, V)",Vegetarian,12,"MUHAMARRA : ROASTED RED PEPPER, WALNUT, BREADCRUMBS (GF, DF, V)",not vegetarian,not vegetarian,not vegetarian,not vegetarian,not vegetarian
SWEET POTATO HUMMUS,"CREME FRAICHE, PAPRIKA OIL, ALMONDS (GF, DF, V)",Vegetarian,12,"SWEET POTATO HUMMUS : CREME FRAICHE, PAPRIKA OIL, ALMONDS (GF, DF, V)",not vegetarian,not vegetarian,not vegetarian,vegetarian,not vegetarian
CRISPY CAULIFLOWER,"PARSLEY, SILAN (GF, DF, V)",Vegetarian,15,"CRISPY CAULIFLOWER : PARSLEY, SILAN (GF, DF, V)",not vegetarian,not vegetarian,not vegetarian,vegetarian,not vegetarian
LAMB SHAWARMA,"AMBA, HARISSA (GF, DF)",Not Vegetarian,18,"LAMB SHAWARMA : AMBA, HARISSA (GF, DF)",not vegetarian,not vegetarian,not vegetarian,not vegetarian,not vegetarian
SAUTEED CHICKEN LIVER,"CARAMELIZED ONION, BALSAMIC",Not Vegetarian,16,"SAUTEED CHICKEN LIVER : CARAMELIZED ONION, BALSAMIC",not vegetarian,not vegetarian,not vegetarian,not vegetarian,not vegetarian
MERGUEZ,"GROUND LAMB, HARISSA, PICKLES (GF, DF)",Not Vegetarian,16,"MERGUEZ : GROUND LAMB, HARISSA, PICKLES (GF, DF)",not vegetarian,not vegetarian,not vegetarian,not vegetarian,not vegetarian
CHICKEN SHAWARMA,"SHAWARMA SPICES, AMBA, HARISSA (GF, DF)",Not Vegetarian,16,"CHICKEN SHAWARMA : SHAWARMA SPICES, AMBA, HARISSA (GF, DF)",not vegetarian,not vegetarian,not vegetarian,not vegetarian,not vegetarian
SHORT RIB,"ALMONDS, HARISSA, CURRANTS (GF, DF)",Not Vegetarian,17,"SHORT RIB : ALMONDS, HARISSA, CURRANTS (GF, DF)",not vegetarian,not vegetarian,not vegetarian,not vegetarian,not vegetarian
FALL SALAD HUMMUS,"SQUASH, SHIITAKE, ROSEMARY (GF, DF, V)",Vegetarian,15,"FALL SALAD HUMMUS : SQUASH, SHIITAKE, ROSEMARY (GF, DF, V)",not vegetarian,not vegetarian,not vegetarian,not vegetarian,not vegetarian
KOFTA KEBAB,"BAHARAT, HARISSA, PINE NUTS (GF, DF)",Not Vegetarian,16,"KOFTA KEBAB : BAHARAT, HARISSA, PINE NUTS (GF, DF)",not vegetarian,not vegetarian,not vegetarian,not vegetarian,not vegetarian
CHICKEN THIGH,"TAHINI, HARISSA (GF, DF)",Not Vegetarian,13,"CHICKEN THIGH : TAHINI, HARISSA (GF, DF)",not vegetarian,not vegetarian,not vegetarian,not vegetarian,not vegetarian
HALLOUMI,"GREEN TAHINI, SUMAC ONIONS, LEMON (GF)",Vegetarian,13,"HALLOUMI : GREEN TAHINI, SUMAC ONIONS, LEMON (GF)",not vegetarian,not vegetarian,not vegetarian,vegetarian,not vegetarian
SALMON BELLY,"LABNE, CHARMOULA (GF, DF)",Not Vegetarian,13,"SALMON BELLY : LABNE, CHARMOULA (GF, DF)",not vegetarian,vegetarian,not vegetarian,not vegetarian,vegetarian
MARKET SALAD,"FROM THE FARMS, ROTATING DAILY (GF, DF, V)",Vegetarian,16,"MARKET SALAD : FROM THE FARMS, ROTATING DAILY (GF, DF, V)",not vegetarian,not vegetarian,not vegetarian,vegetarian,not vegetarian
KALE SALAD,"BEETS, PUMPKIN SEEDS, APPLE, FETA CHEESE, MISO-TAHINI DRESSING (GF, DF, V)",Vegetarian,16,"KALE SALAD : BEETS, PUMPKIN SEEDS, APPLE, FETA CHEESE, MISO-TAHINI DRESSING (GF, DF, V)",not vegetarian,not vegetarian,not vegetarian,vegetarian,not vegetarian
CHICORY SALAD,"OLIVES, BREADCRUMBS, HONEY HABENERO VINAIGRETTE (GF, DF, V)",Vegetarian,16,"CHICORY SALAD : OLIVES, BREADCRUMBS, HONEY HABENERO VINAIGRETTE (GF, DF, V)",not vegetarian,not vegetarian,not vegetarian,vegetarian,not vegetarian
OCTOPUS,"EGGPLANT PUREE, CHARRED PEPPERS, CASTELVELTRANO OLIVES (GF, DF)",Not Vegetarian,19,"OCTOPUS : EGGPLANT PUREE, CHARRED PEPPERS, CASTELVELTRANO OLIVES (GF, DF)",not vegetarian,not vegetarian,not vegetarian,not vegetarian,not vegetarian
STRACCIATELLA,"EGGPLANT, DATES, BREADCRUMBS (GF)",Vegetarian,18,"STRACCIATELLA : EGGPLANT, DATES, BREADCRUMBS (GF)",not vegetarian,not vegetarian,not vegetarian,not vegetarian,not vegetarian
FALAFEL,"FETA, TAGGIASCA OLIVES, GREEN TAHINI (GF)",Vegetarian,16,"FALAFEL : FETA, TAGGIASCA OLIVES, GREEN TAHINI (GF)",not vegetarian,not vegetarian,not vegetarian,not vegetarian,not vegetarian
WHOLE BRANZINO,"MARKET SALAD, CHARMOULA, LEMON (GF, DF)",Not Vegetarian,MP,"WHOLE BRANZINO : MARKET SALAD, CHARMOULA, LEMON (GF, DF)",not vegetarian,not vegetarian,not vegetarian,not vegetarian,not vegetarian
ZA'ATAR CRUSTED SALMON,"LABNE, CHARRED SHALLOTS, JAPANESE EGGPLANT, AMBA (GF, DF)",Not Vegetarian,30,"ZA'ATAR CRUSTED SALMON : LABNE, CHARRED SHALLOTS, JAPANESE EGGPLANT, AMBA (GF, DF)",not vegetarian,not vegetarian,not vegetarian,not vegetarian,not vegetarian
HALF BRICK CHICKEN,"TAGGIASCA OLIVES, PRESERVED LEMON, HARISSA (GF, DF)",Not Vegetarian,29,"HALF BRICK CHICKEN : TAGGIASCA OLIVES, PRESERVED LEMON, HARISSA (GF, DF)",not vegetarian,not vegetarian,not vegetarian,not vegetarian,not vegetarian
HANGER STEAK,"WARM CHICKPEA SALAD, GREEN TAHINI (GF)",Not Vegetarian,32,"HANGER STEAK : WARM CHICKPEA SALAD, GREEN TAHINI (GF)",not vegetarian,not vegetarian,not vegetarian,vegetarian,not vegetarian
SHAKSHUKA,"POACHED EGG, GOAT CHEESE, PARSLEY (GF, DF, V)",Vegetarian,23,"SHAKSHUKA : POACHED EGG, GOAT CHEESE, PARSLEY (GF, DF, V)",not vegetarian,vegetarian,not vegetarian,vegetarian,vegetarian
Pork Soup Dumplings,bite sized explosions of porky goodness,Not Vegetarian,18,Pork Soup Dumplings : bite sized explosions of porky goodness,not vegetarian,not vegetarian,not vegetarian,not vegetarian,not vegetarian
Chicken Soup Dumplings,good for the soul,Not Vegetarian,18,Chicken Soup Dumplings : good for the soul,not vegetarian,not vegetarian,not vegetarian,not vegetarian,not vegetarian
Crab and Pork Soup Dumpling,fresh blue crab + niman ranch pork,Not Vegetarian,21,Crab and Pork Soup Dumpling : fresh blue crab + niman ranch pork,not vegetarian,not vegetarian,not vegetarian,not vegetarian,not vegetarian
Beef Pan Fried Dumplings,house ground creekstone farms beef + curry,Not Vegetarian,18,Beef Pan Fried Dumplings : house ground creekstone farms beef + curry,not vegetarian,not vegetarian,not vegetarian,not vegetarian,not vegetarian
Pork + Chive Dumplings,house-ground niman ranch pork + chinese chives,Not Vegetarian,18,Pork + Chive Dumplings : house-ground niman ranch pork + chinese chives,not vegetarian,not vegetarian,not vegetarian,not vegetarian,not vegetarian
Vegetable Dumplings,"bok choy, free range egg + glass noodle",Vegetarian,18,"Vegetable Dumplings : bok choy, free range egg + glass noodle",vegetarian,vegetarian,vegetarian,vegetarian,vegetarian
Mushroom Dumplings,shiitake + truffle,Vegetarian,18,Mushroom Dumplings : shiitake + truffle,not vegetarian,not vegetarian,not vegetarian,vegetarian,not vegetarian
Niman Ranch Cumin Pork Ribs,"“tender, fall-off-the-bone” - jocelyn on yelp",Not Vegetarian,21,"Niman Ranch Cumin Pork Ribs : “tender, fall-off-the-bone” - jocelyn on yelp",not vegetarian,not vegetarian,not vegetarian,not vegetarian,not vegetarian
House Special Shrimp,tiger shrimp kung pao'd,Not Vegetarian,18,House Special Shrimp : tiger shrimp kung pao'd,not vegetarian,not vegetarian,not vegetarian,not vegetarian,not vegetarian
Spicy Wontons,niman ranch pork + house crack sauce,Not Vegetarian,21,Spicy Wontons : niman ranch pork + house crack sauce,not vegetarian,not vegetarian,not vegetarian,not vegetarian,not vegetarian
Crispy Pork Belly,"tea marinated niman ranch pork, jasmine tea crisp + sweet marinade jus",Not Vegetarian,19,"Crispy Pork Belly : tea marinated niman ranch pork, jasmine tea crisp + sweet marinade jus",not vegetarian,not vegetarian,not vegetarian,not vegetarian,not vegetarian
Spicy Marinated Cucumbers,"sesame, garlic + chilli",Vegetarian,10,"Spicy Marinated Cucumbers : sesame, garlic + chilli",not vegetarian,not vegetarian,not vegetarian,not vegetarian,not vegetarian
Peking Duck,traditional accompaniments. PLEASE ALLOW AT LEAST ONE HOUR FOR PREPARATION,Not Vegetarian,115,Peking Duck : traditional accompaniments. PLEASE ALLOW AT LEAST ONE HOUR FOR PREPARATION,not vegetarian,not vegetarian,not vegetarian,not vegetarian,not vegetarian
Wind Sand Chicken,"3-day marinated whole Lancaster chicken, crispy garlic + bread crumbs. PLEASE ALLOW AT LEAST 45 MINUTES FOR PREPARATION",Not Vegetarian,49,"Wind Sand Chicken : 3-day marinated whole Lancaster chicken, crispy garlic + bread crumbs. PLEASE ALLOW AT LEAST 45 MINUTES FOR PREPARATION",not vegetarian,not vegetarian,not vegetarian,not vegetarian,not vegetarian
Hong Kong Style Lobster,"morel mushrooms, wood ear + baby corn",Not Vegetarian,88,"Hong Kong Style Lobster : morel mushrooms, wood ear + baby corn",not vegetarian,not vegetarian,not vegetarian,vegetarian,not vegetarian
Typhoon Shelter Shellfish,"diver scallops, shrimp, dried chilli, garlic + spring onions",Not Vegetarian,42,"Typhoon Shelter Shellfish : diver scallops, shrimp, dried chilli, garlic + spring onions",not vegetarian,not vegetarian,not vegetarian,not vegetarian,not vegetarian
Creekstone Farms Ribeye,sichuan spicy doubanjiang OR cantonese black pepper,Not Vegetarian,55,Creekstone Farms Ribeye : sichuan spicy doubanjiang OR cantonese black pepper,not vegetarian,not vegetarian,not vegetarian,vegetarian,not vegetarian
Three Cup Chicken,"bell & evans organic dark meat, basil + shallot",Not Vegetarian,36,"Three Cup Chicken : bell & evans organic dark meat, basil + shallot",not vegetarian,not vegetarian,not vegetarian,not vegetarian,not vegetarian
Snow Crab in a Chinese Restaurant,"hand-shelled crab, fermented doubanjiang + glass noodles",Not Vegetarian,48,"Snow Crab in a Chinese Restaurant : hand-shelled crab, fermented doubanjiang + glass noodles",not vegetarian,not vegetarian,not vegetarian,not vegetarian,not vegetarian
Crispy Red Snapper,"chinese okra, ginger + soy sauce",Not Vegetarian,39,"Crispy Red Snapper : chinese okra, ginger + soy sauce",not vegetarian,not vegetarian,not vegetarian,vegetarian,not vegetarian
Steak Fried Rice,american wagyu bavette,Not Vegetarian,27,Steak Fried Rice : american wagyu bavette,not vegetarian,not vegetarian,not vegetarian,not vegetarian,not vegetarian
Seafood Fried Rice,"octopus, bay scallop, shrimp + house XO",Not Vegetarian,23,"Seafood Fried Rice : octopus, bay scallop, shrimp + house XO",not vegetarian,not vegetarian,not vegetarian,not vegetarian,not vegetarian
Zha Jiang Noodle,"peking duck ragu, tomato, english cucumber",Not Vegetarian,22,"Zha Jiang Noodle : peking duck ragu, tomato, english cucumber",not vegetarian,vegetarian,not vegetarian,vegetarian,vegetarian
Dan Dan Noodle,niman ranch pork + crushed peanuts. *dinner only*,Not Vegetarian,21,Dan Dan Noodle : niman ranch pork + crushed peanuts. *dinner only*,not vegetarian,not vegetarian,not vegetarian,not vegetarian,not vegetarian
Taiwanese Beef Noodle Soup,overnight bone broth + pasture raised beef shank,Not Vegetarian,24,Taiwanese Beef Noodle Soup : overnight bone broth + pasture raised beef shank,not vegetarian,not vegetarian,not vegetarian,not vegetarian,not vegetarian
Sichuan String Beans,niman ranch pork + dried shrimp,Not Vegetarian,15,Sichuan String Beans : niman ranch pork + dried shrimp,not vegetarian,not vegetarian,not vegetarian,not vegetarian,not vegetarian
Crispy Brussels Sprouts,"chinese sausage, thai chilli + lemon",Not Vegetarian,15,"Crispy Brussels Sprouts : chinese sausage, thai chilli + lemon",not vegetarian,not vegetarian,not vegetarian,vegetarian,not vegetarian
Eggplant,long pepper + house garlic sauce,Vegetarian,14,Eggplant : long pepper + house garlic sauce,not vegetarian,not vegetarian,not vegetarian,vegetarian,not vegetarian
Pea Shoots,fresh garlic,Vegetarian,19,Pea Shoots : fresh garlic,not vegetarian,not vegetarian,not vegetarian,not vegetarian,not vegetarian
Ma Po Tofu,angus beef + sichuan peppercorn,Not Vegetarian,16,Ma Po Tofu : angus beef + sichuan peppercorn,not vegetarian,not vegetarian,not vegetarian,vegetarian,not vegetarian
Sticky Toffee Donut,fresh chantilly cream,Vegetarian,16,Sticky Toffee Donut : fresh chantilly cream,not vegetarian,not vegetarian,not vegetarian,not vegetarian,not vegetarian
Panna Cotta,mango + grapefruit,Vegetarian,13,Panna Cotta : mango + grapefruit,not vegetarian,not vegetarian,not vegetarian,vegetarian,not vegetarian
Chocolate Torte,chocolate crunch + black tea cream,Vegetarian,15,Chocolate Torte : chocolate crunch + black tea cream,not vegetarian,not vegetarian,not vegetarian,not vegetarian,not vegetarian
Bacon Egg + Cheese Dumplings,"niman ranch bacon, ny cheddar + free range eggs",Not Vegetarian,18,"Bacon Egg + Cheese Dumplings : niman ranch bacon, ny cheddar + free range eggs",not vegetarian,not vegetarian,not vegetarian,vegetarian,not vegetarian
Shrimp Shao Mai,tiger shrimp + ginger,Not Vegetarian,15,Shrimp Shao Mai : tiger shrimp + ginger,not vegetarian,not vegetarian,not vegetarian,not vegetarian,not vegetarian
Sweet Pork Buns,"char siu pork, orange + mantou",Not Vegetarian,15,"Sweet Pork Buns : char siu pork, orange + mantou",not vegetarian,not vegetarian,not vegetarian,not vegetarian,not vegetarian
Sweet + Sour Pork,"niman ranch pork, local strawberries + bell pepper",Not Vegetarian,16,"Sweet + Sour Pork : niman ranch pork, local strawberries + bell pepper",not vegetarian,not vegetarian,not vegetarian,not vegetarian,not vegetarian
Shrimp Cakes,"tiger shrimp, atlantic cod + almonds",Not Vegetarian,13,"Shrimp Cakes : tiger shrimp, atlantic cod + almonds",not vegetarian,not vegetarian,not vegetarian,not vegetarian,not vegetarian
Vegetable Spring Rolls,"napa, shiitake + glass noodle",Vegetarian,16,"Vegetable Spring Rolls : napa, shiitake + glass noodle",vegetarian,vegetarian,vegetarian,vegetarian,vegetarian
Braised Pork Sticky Rice,"niman ranch pork belly, shiitake + banana leaf rice",Not Vegetarian,16,"Braised Pork Sticky Rice : niman ranch pork belly, shiitake + banana leaf rice",not vegetarian,not vegetarian,not vegetarian,not vegetarian,not vegetarian
Shanghai Pork Chop,pickled scallions,Not Vegetarian,12,Shanghai Pork Chop : pickled scallions,not vegetarian,not vegetarian,not vegetarian,not vegetarian,not vegetarian
Turnip Cake,"dried shrimp, lap cheong + pickled peppers",Not Vegetarian,18,"Turnip Cake : dried shrimp, lap cheong + pickled peppers",not vegetarian,not vegetarian,not vegetarian,vegetarian,not vegetarian
Breakfast Dan Dan Noodles,niman ranch bacon + soft poached free range egg,Not Vegetarian,23,Breakfast Dan Dan Noodles : niman ranch bacon + soft poached free range egg,not vegetarian,vegetarian,not vegetarian,not vegetarian,vegetarian
Add 2 Eggs,scrambled / soft poached / sunny side,Vegetarian,8,Add 2 Eggs : scrambled / soft poached / sunny side,not vegetarian,not vegetarian,not vegetarian,not vegetarian,not vegetarian
